index,links.hr
0,180916
1,180916
2,184050
3,174692
4,161044
5,145166
6,130466
7,113262
8,107363
9,100066
10,198733
11,200533
12,191660
13,171886
14,169200
15,276668
16,278214
17,278214
18,266935
19,316208
20,316208
21,315962
22,302639
23,299036
24,280659
25,265810
26,264411
27,255015
28,281683
29,282209
30,276983
31,276983
32,274442
33,254589
34,249285
35,243205
36,239314
37,280532
38,319646
39,319804
40,320374
41,316879
42,305760
43,304691
44,302575
45,282927
46,281102
47,272318
48,298877
49,299675
50,296967
51,294308
52,287444
53,283314
54,276171
55,274633
56,289993
57,290483
58,287410
59,280726
60,315512
61,315512
62,315966
63,312814
64,305203
65,383437
66,383437
67,404223
68,405646
69,406268
70,402608
71,398125
72,393740
73,389451
74,380336
75,379529
76,390030
77,390030
78,390474
79,385712
80,382602
81,375783
82,375040
83,362850
84,361467
85,358057
86,372893
87,373162
88,365644
89,394125
90,393941
91,388353
92,387666
93,386298
94,378292
95,391247
96,391327
97,386039
98,385388
99,381528
100,372814
101,371602
102,369201
103,378894
104,379089
105,375502
106,373733
107,367957
108,365135
109,377641
110,377641
111,377571
112,374783
113,373129
114,385247
115,385468
116,382675
117,376670
118,374533
119,370851
120,366730
121,364704
122,375357
123,375188
124,371126
125,368632
126,368137
127,363743
128,396643
129,396643
130,396643
131,398839
132,407941
133,408802
134,405732
135,421728
136,423055
137,419949
138,419435
139,417903
140,410896
141,406033
142,417460
143,417286
144,416795
145,413874
146,410517
147,407682
148,400765
149,400312
150,399409
151,407385
152,407497
153,402539
154,398135
155,393826
156,393826
157,405079
158,405538
159,413121
160,412973
161,412099
162,407357
163,406932
164,406507
165,400240
166,398601
167,404356
168,404539
169,403721
170,402906
171,398881
172,395718
173,391067
174,388782
175,386899
176,393686
177,393828
178,390453
179,390453
180,389340
181,385678
182,398267
183,398455
184,395877
185,394782
186,401526
187,401296
188,400562
189,398013
190,392306
191,391255
192,390209
193,386079
194,385400
195,391928
196,392110
197,388713
198,388713
199,388040
200,384053
201,378225
202,378225
203,377906
204,383537
205,383541
206,381313
207,391114
208,391114
209,391362
210,416681
211,416681
212,416681
213,416689
214,416025
215,421599
216,422984
217,421649
218,419992
219,417041
220,416391
221,412214
222,411262
223,408432
224,415327
225,415374
226,411915
227,411915
228,407901
229,407596
230,404866
231,403067
232,407698
233,407891
234,406993
235,405208
236,404912
237,412797
238,412797
239,412797
240,412924
241,409395
242,409395
243,414674
244,414809
245,412761
246,411311
247,410158
248,406737
249,403374
250,401162
251,401162
252,406601
253,406648
254,403893
255,402257
256,398227
257,404744
258,404744
259,404862
260,404595
261,403531
262,409150
263,409317
264,409049
265,407452
266,404554
267,402991
268,402473
269,398882
270,402648
271,402648
272,402689
273,402689
274,400155
275,396660
276,396660
277,394691
278,392983
279,397526
280,397653
281,397653
282,394979
283,393296
284,401678
285,401678
286,401913
287,399741
288,398305
289,402863
290,402863
291,402992
292,399655
293,398948
294,395446
295,394753
296,394292
297,391324
298,396330
299,396385
300,395016
301,393206
302,392532
303,388973
304,388753
305,390653
306,390607
307,390388
308,389951
309,397360
310,397574
311,396691
312,396471
313,393633
314,392337
315,390195
316,393774
317,393889
318,393036
319,391551
320,390287
321,412352
322,412352
323,412363
324,414787
325,413656
